venue_id,id,category,phone_number,email,name,isClosed,bb,centroid,searchTags
DM_20518,Lv43191Ds3476648,clothing-accessories-shop,,,Black Star Wear,False,"[[55.75570705226925, 37.61430005150884], [55.75552547321828, 37.61452959633168]]","[55.75561790448445, 37.61440535517105]",
DM_20518,Lv43191Ds3476652,shop,,,Gipfel,False,"[[55.755431984202154, 37.61397564893284], [55.755317582483244, 37.61409357939479]]","[55.755355260990235, 37.61403448897714]",
DM_20518,Lv43191Ds3476649,clothing-accessories-shop,,,Jeanne D'Ark,False,"[[55.75563537672284, 37.614210580898565], [55.75544736329352, 37.614374599751265]]","[55.75553979643726, 37.61428573726923]",
DM_20518,Lv43191Ds3476638,shop,,,Diva,False,"[[55.756086157037686, 37.61513653852111], [55.75600032449752, 37.615277540935104]]","[55.75604572744184, 37.61520083693051]",
DM_20518,Lv43191Ds3478455,atm-bank-exchange,,,ATM,False,"[[55.75620323539663, 37.615261186636516], [55.75620323539663, 37.615261186636516]]","[55.75620323539663, 37.615261186636516]",
DM_20518,Lv43191Ds3476616,shop,+7 (495) 7950640,,swatch,False,"[[55.75555590562081, 37.61394085185178], [55.755492047296606, 37.614055043629065]]","[55.755523803967534, 37.613998044826616]",watches|diamonds|jewellery|clothing|rings|casual|accessories|young|wrists|bracelets
DM_20518,Lv43191Ds3476630,shop,,,Кофейная Кантата,False,"[[55.755366427653684, 37.613867859544314], [55.75531084496007, 37.61395537899776]]","[55.75533875353872, 37.613911099407844]",
DM_20518,Lv43191Ds3476615,electronics-shop,,,МТC,False,"[[55.75560793584842, 37.61398389935021], [55.75553105177089, 37.614111114137835]]","[55.755569467351144, 37.61404751910389]",
DM_20518,Lv43191Ds3475783,restaurant,,,Tutti Frutti,False,"[[55.756152373684024, 37.61578782262371], [55.75610963686379, 37.61585941385947]]","[55.7561282666143, 37.6158202281191]",
DM_20518,Lv43191Ds3476619,restaurant,,,Chico's,False,"[[55.7555182506944, 37.61372205546368], [55.75537746892804, 37.61397921926777]]","[55.75544797607862, 37.61385016099578]",
DM_20518,Lv43191Ds3477105,facility,,,Elevator,False,"[[55.755805395633494, 37.61445139521214], [55.755745791396315, 37.61452676654841]]","[55.75577575326565, 37.61448894542137]",
DM_20518,Lv43191Ds3476611,shop,+7 (495) 7378449,,Best Watch,False,"[[55.75604123417695, 37.61419294159479], [55.75583202426847, 37.61439921980392]]","[55.75593217655372, 37.614302965566885]",
DM_20518,Lv43191Ds3476631,shop,,,Accessories Ipad,False,"[[55.75548182332521, 37.614001955170494], [55.75542777833313, 37.61409081586169]]","[55.755455087370635, 37.61404572265505]",
DM_20518,Lv43191Ds3476632,shop,,,Дом Платков,False,"[[55.75553799450681, 37.61405915465791], [55.75548726960092, 37.614140783991054]]","[55.7555124479651, 37.614100528883064]",
DM_20518,Lv43191Ds3476641,shop,+7 (495) 7392262,,LADY collection,False,"[[55.75601009331294, 37.614962700957555], [55.755885456101396, 37.615050828855104]]","[55.75594948725971, 37.615008971101545]",
DM_20518,Lv43191Ds3476645,clothing-accessories-shop,+7 (495) 7378394,info@tvoe.ru,ТВОЕ,False,"[[55.75594588343109, 37.614715376969215], [55.75574481231924, 37.61495361208079]]","[55.7558513931144, 37.61483785618573]",
DM_20518,Lv43191Ds3476647,coffee-tea,+7 (495) 2218381,info@coffeehouse.ru,Кофе Хауз,False,"[[55.755693699677586, 37.61450404175605], [55.75561546262983, 37.61460851987198]]","[55.75565309266322, 37.614557362212224]",pastries|hot drinks|beverages|hot beverages|drinks|coffees|cold drinks|cold beverages|catering|cakes|café
DM_20518,Lv43191Ds3477103,toilet-rest-area,,,Restroom,False,"[[55.7547163671577, 37.61309886003673], [55.7547163671577, 37.61309886003673]]","[55.7547163671577, 37.61309886003673]",
DM_20518,Lv43191Ds3476657,restaurant,,,Yamkee,False,"[[55.75471229504489, 37.61329052600091], [55.75466761187285, 37.61336365083696]]","[55.754690111976934, 37.61332646592215]",
DM_20518,Lv43191Ds3476629,restaurant,,,SUBWAY,False,"[[55.755243346973614, 37.613571554413774], [55.75516162525412, 37.613678078132494]]","[55.75519751751722, 37.61362885335676]",subs|coffee shop|foods|fresh breads|fast food|drinks|restaurant|alternative|wraps|submarine sandwiches|sandwiches|cold sandwiches|coffee|made-for-you|submarine sandwich|traditionally|salads|submarine|hot sandwiches|cold subs|breakfast|breakfast foods
DM_20518,Lv43191Ds3476639,shop,,,PARFOIS,False,"[[55.75605260025334, 37.615074786818056], [55.755950842266486, 37.61518924336219]]","[55.75600164489174, 37.61513187657915]",watches|necklaces|shoes|sunglasses|handbags|mirrors|flippers|hats|wallets|bracelets|travel bags|belts|scarfs|accessories online store|accessories|high heels|ballerinas|earrings
DM_20518,Lv43191Ds3476625,restaurant,+7 (495) 9562630,office@teremok.ru,Теремок,False,"[[55.75505411953621, 37.613284312852926], [55.75489899630842, 37.6135019363381]]","[55.75497665618853, 37.61339304004431]",
DM_20518,Lv43191Ds3476613,shop,,,Dessa,False,"[[55.7555160278339, 37.61390750450566], [55.755460872222194, 37.61401290185717]]","[55.75548850279095, 37.61396017626461]",
DM_20518,Lv43191Ds3476646,clothing-accessories-shop,+7 (495) 9806582,,BeFree,False,"[[55.755892484571916, 37.61458741166209], [55.75565894513243, 37.61481462411905]]","[55.75577707582899, 37.6146891859689]",
DM_20518,Lv43191Ds3475779,restaurant,,,Dunkin' Donuts,False,"[[55.75622732940359, 37.61559717665055], [55.75614348483064, 37.61576993354489]]","[55.75618213375269, 37.61569286037885]",
DM_20518,Lv43191Ds3476653,shop,,,Hearts Of Russia,False,"[[55.75533724396725, 37.61394908547174], [55.75529545400829, 37.614034746290606]]","[55.755316200703604, 37.61399128167023]",
DM_20518,Lv43191Ds3476609,clothing-accessories-shop,+7 (495) 7378559,info@conceptclub.ru,Concept Club,False,"[[55.756130772284074, 37.6143167971379], [55.755907067921704, 37.61449971121547]]","[55.756009514714215, 37.614407767838095]",
DM_20518,Lv43191Ds3476622,restaurant,+7 (495) 7378534,,Дворный Пивик,False,"[[55.75537069122013, 37.613566554071795], [55.75526814873781, 37.613716877785265]]","[55.75531984110044, 37.61364137242276]",
DM_20518,Lv43191Ds3477090,toilet-rest-area,,,Restroom,False,"[[55.756523739861656, 37.61519008252134], [55.75628388119621, 37.61534280153099]]","[55.7563935411037, 37.61526439751456]",
DM_20518,Lv43191Ds3476656,restaurant,,,Жили Были,False,"[[55.75492597956759, 37.613482993585286], [55.75488756725954, 37.613532353644096]]","[55.75490642245408, 37.61350796506231]",
DM_20518,Lv43191Ds3475772,clothing-accessories-shop,+7 (495) 7378563,,Reebok,False,"[[55.75647482851696, 37.61493301383515], [55.75611779413049, 37.61519502483914]]","[55.756296230857025, 37.615064061073305]",footwear|lifestyle products|sports|sporting Goods|athletic shoes|products|wear|apparel|lifestyle|accessories|sports products|sport shoes|fitness|categories|gear
DM_20518,Lv43191Ds3478454,atm-bank-exchange,,,ATM,False,"[[55.755372041111734, 37.61382171600896], [55.755372041111734, 37.61382171600896]]","[55.755372041111734, 37.61382171600896]",
DM_20518,Lv43191Ds3476617,shop,,,INGLOT,False,"[[55.75567571281944, 37.614040065300074], [55.75558294797911, 37.61418736201231]]","[55.755629952998895, 37.61411319271074]",makeup|cosmetic accessorie|make-up|makeup accessories|cosmetics|Inglot store
DM_20518,Lv43191Ds3476635,restaurant,,,Шоколадница,False,"[[55.756105139573236, 37.615397521004894], [55.75601060173427, 37.61556306022076]]","[55.75605636156362, 37.615473055747195]",
DM_20518,Lv43191Ds3476620,restaurant,+7 (495) 7378449,bk-31@burgerrus.ru,BURGER KING,False,"[[55.755435224094484, 37.61365288385947], [55.755350649859025, 37.613784190978905]]","[55.75539259320639, 37.61371885613673]",meals|premium fast food|restaurant locations|burger|fast food|nutrition
DM_20518,Lv43191Ds3475771,clothing-accessories-shop,+7 (495) 6481901,enquiry@uniqlo.ru,Uniqlo,False,"[[55.75643763222985, 37.614528247328664], [55.755962173490126, 37.615089131467656]]","[55.75619683549171, 37.614803595569306]",
DM_20518,Lv43191Ds3475781,cinema,,,5d Cinema,False,"[[55.75618035455898, 37.61571752385946], [55.75612498346866, 37.61580728336045]]","[55.75615051315974, 37.615767570739415]",
DM_20518,Lv43191Ds3476612,clothing-accessories-shop,+7 (495) 7378477,eshop@oodji.com,oodji,False,"[[55.755927631387195, 37.61408125251381], [55.755673191705526, 37.61432483145459]]","[55.75580188641156, 37.61420726947989]",
DM_20518,Lv43191Ds3476654,restaurant,,,Чайхана Лаззат,False,"[[55.75531413358362, 37.613800789161], [55.75515191652236, 37.614005135436955]]","[55.75523194729752, 37.613904006207896]",
DM_20518,Lv43191Ds3477104,facility,,,Escalator,False,"[[55.75530728629128, 37.613809316228334], [55.75525680248711, 37.61387757204616]]","[55.755282055604454, 37.61384337978775]",
DM_20518,Lv43191Ds3476650,clothing-accessories-shop,,,Nelva,False,"[[55.75555470462636, 37.614075409025716], [55.75539844197814, 37.614245268773196]]","[55.755463723875614, 37.61417304833801]",
DM_20518,Lv43191Ds3481005,facility,,,Escalator,False,"[[55.756197393288986, 37.615304521862235], [55.75613126766781, 37.615383349920705]]","[55.75616451037505, 37.615344183916335]",
DM_20518,Lv43191Ds3475776,clothing-accessories-shop,,,Pull & Bear,False,"[[55.756523739861656, 37.615239155470896], [55.75619082300752, 37.61566876974569]]","[55.756352997978944, 37.61544003717432]",women's clothing|fashion shop|clothing store|men's clothing|children's clothing
DM_20518,Lv43191Ds3476626,restaurant,,,sbarro,False,"[[55.75493769124181, 37.613157818857154], [55.75481667897713, 37.61336213157039]]","[55.75487710116684, 37.61326020709394]",desserts|Italian cuisine|italian specialties|spaghetti|homemade|vegetable pastas|restaurant|pastas|hand-tossed Italian|crust pizzas|vegetable|and homemade desserts|salads|stuffed pizzas|sicilian|pizza|lasagna|stuffed pizzas.
DM_20518,Lv43191Ds3475775,clothing-accessories-shop,+7 (495) 7378526,info@incity.ru,INCITY,False,"[[55.75650798498626, 37.61503951749926], [55.75615345321418, 37.61526692834281]]","[55.7563657320561, 37.615158432863666]",
DM_20518,Lv43191Ds3475777,restaurant,,,Café Manezhka,False,"[[55.756256142024284, 37.615519733131414], [55.75617326076981, 37.61570722987781]]","[55.756211684655106, 37.61562061222781]",
DM_20518,Lv43191Ds3476624,restaurant,+7 (800) 5558333,,KFC,False,"[[55.754855161497986, 37.61306827396859], [55.7547335733642, 37.61327325959619]]","[55.75479458510829, 37.613170776934524]",finger|whipped potato|chicken restaurant|chicken|fast food|restaurant|sandwiches|coleslaw|nuggets|hot|menu|french fries|original recipe chicken|whipped potato coleslaw|finger lickin' good chicken|hot & crispy chicken|cold drinks|crispy chicken|zinger|fried chicken
DM_20518,Lv43191Ds3476644,shop,,,Мюз,False,"[[55.75595405950723, 37.61486700010226], [55.755842250969415, 37.61498535544357]]","[55.75590096536032, 37.614931464638445]",
DM_20518,Lv43191Ds3476608,clothing-accessories-shop,+7 (795) 7378496,,Stradivarius,False,"[[55.75623517977072, 37.614414416393494], [55.7559314108289, 37.6146603632774]]","[55.756062551252455, 37.61453202549266]",dress|women's clothing|shirts|accessories|trousers|jackets|womens shoes
DM_20518,Lv43191Ds3478456,atm-bank-exchange,,,ATM,False,"[[55.75623911825486, 37.61541226091422], [55.75623911825486, 37.61541226091422]]","[55.75623911825486, 37.61541226091422]",
DM_20518,Lv43191Ds3476634,restaurant,+7 (495) 7907090,,Osteria Mario,False,"[[55.75615984762451, 37.61547811146901], [55.75574754548052, 37.61595406644047]]","[55.75596742641676, 37.615717953593965]",
DM_20518,Lv43191Ds3476636,shop,+7 (495) 7378449,,Красный Куб,False,"[[55.75605877957912, 37.615170250812504], [55.75593528637702, 37.61542168178896]]","[55.75600385869255, 37.61528848758129]",
DM_20518,Lv43191Ds3476640,shop,,,MARMALATO,False,"[[55.75602939114229, 37.615025845714676], [55.755900875016735, 37.615139639214576]]","[55.755961931460476, 37.61507440123856]",
DM_20518,Lv43191Ds3476643,shop,,,Mlesna,False,"[[55.75647357077974, 37.61517906024509], [55.75637656308333, 37.61523811393255]]","[55.75643220702407, 37.615211601404184]",
DM_20518,Lv43191Ds3476628,restaurant,,,Los Pollos Banditos,False,"[[55.75514978504661, 37.613459266918376], [55.755054860544234, 37.61360957032093]]","[55.755102461768416, 37.61353425208086]",
DM_20518,Lv43191Ds3476623,restaurant,,,Крошка Картошка,False,"[[55.754692882136865, 37.613025175244594], [55.75462669254274, 37.61313672224427]]","[55.754659533001444, 37.61308077999369]",
DM_20518,Lv43194Ds3481008,facility,,,Escalator,False,"[[55.75618922845063, 37.615303897135746], [55.756128596925485, 37.61536890311195]]","[55.756158966095484, 37.61533657030184]",
DM_20518,Lv43194Ds3481017,atm-bank-exchange,,,ATM,False,"[[55.75583521481447, 37.61453963043455], [55.75583521481447, 37.61453963043455]]","[55.75583521481447, 37.61453963043455]",
DM_20518,Lv43194Ds3476743,shop,,,Ray-Ban,False,"[[55.75566486110831, 37.61473872502752], [55.75563781619528, 37.61478288569612]]","[55.75565160864572, 37.61476117043431]",
DM_20518,Lv43194Ds3476766,clothing-accessories-shop,,,Corso Como,False,"[[55.75537715519288, 37.61395566730618], [55.75520276463693, 37.61418459925038]]","[55.755298994692346, 37.614093182650514]",
DM_20518,Lv43194Ds3489373,toilet-rest-area,,,Restroom,False,"[[55.75626481837143, 37.61450254308758], [55.75616644061257, 37.61464724807731]]","[55.75621174293597, 37.61457043229126]",
DM_20518,Lv43194Ds3476723,clothing-accessories-shop,+7 (495) 7378341,,QUIKSILVER,False,"[[55.75596780418307, 37.61417260010875], [55.75581060180577, 37.614357148838586]]","[55.75589286291935, 37.61426535587848]",
DM_20518,Lv43194Ds3476714,clothing-accessories-shop,,,Respect,False,"[[55.755278202718095, 37.613493760113066], [55.75508981054542, 37.61371796403489]]","[55.755183128190914, 37.613601588298486]",
DM_20518,Lv43194Ds3476735,sport-outdoor-shop,,,Adidas Sport Performance,False,"[[55.75640011917745, 37.61521415671189], [55.75611961345098, 37.61574031535473]]","[55.75626390538377, 37.615487136318706]",
DM_20518,Lv43194Ds3494078,shop,,,Tony Perotti,False,"[[55.754963546161896, 37.61351696827214], [55.75491044558064, 37.6135895842213]]","[55.75493650280531, 37.613553593465404]",
DM_20518,Lv43194Ds3476744,clothing-accessories-shop,,,S. Oliver,False,"[[55.75628974414748, 37.614633321631224], [55.75604815763505, 37.615011074327576]]","[55.75616906045617, 37.614822307168716]",fragrances|shoes|bags|socks|beachwear|jewel|homewear|small leather items|casual women & men|toddler|belts|business outfits|size 44 to size 52|eyewear|baby|urban fashion|umbrellas|teenager|sporty
DM_20518,Lv43194Ds3476761,clothing-accessories-shop,,,Studio 77,False,"[[55.75505906354855, 37.61360839707421], [55.754932197437796, 37.61388593925409]]","[55.754995785403395, 37.61374810415859]",
DM_20518,Lv43194Ds3476762,shop,,,Созвездие Красоты,False,"[[55.755108493944554, 37.613640008678935], [55.75505906354855, 37.61371240145882]]","[55.755083741122384, 37.61367600745077]",
DM_20518,Lv43194Ds3476779,shop,,,Упаковка,False,"[[55.75564207392709, 37.61479720284044], [55.755534418169475, 37.614940905294674]]","[55.75558815097017, 37.614868764605966]",
DM_20518,Lv43194Ds3476717,clothing-accessories-shop,,,Ilcott,False,"[[55.755517399331616, 37.61375171628032], [55.75536830034601, 37.61390474319945]]","[55.755446551697055, 37.613844981590454]",
DM_20518,Lv43194Ds3476725,clothing-accessories-shop,+7 (495) 7378555,,TERRANOVA,False,"[[55.75614908032761, 37.61433428154779], [55.75591412063759, 37.61467564502154]]","[55.756023844282886, 37.61449498810053]",fashion|women's clothing|casual|accessories|clothing store|men's clothing|children's clothing|kids clothing
DM_20518,Lv43194Ds3476739,clothing-accessories-shop,+7 (495) 7378547,inforu@colins.ru,COLIN'S,False,"[[55.75597015349638, 37.61494458277835], [55.755659844506326, 37.61542401823988]]","[55.75581625248855, 37.61518116567169]",men's jeans|clothing|casual clothing|clothing store|women's jeans|jeans
DM_20518,Lv43194Ds3476741,clothing-accessories-shop,+7 (495) 7378597,info.ladygentleman@ukritter.ru,lady & gentleman CITY,False,"[[55.75587786206925, 37.614738948555924], [55.75551931288125, 37.61515864417103]]","[55.75567476764599, 37.61493304022053]",
DM_20518,Lv43194Ds3476752,clothing-accessories-shop,,,Betty,False,"[[55.75472674895285, 37.613252624935946], [55.75463819795382, 37.613423177508615]]","[55.75468246047863, 37.61333815071718]",
DM_20518,Lv43194Ds3476773,restaurant,,,МУ-МУ,False,"[[55.75549621150709, 37.6141498418517], [55.75512174095567, 37.61493360013069]]","[55.75531976005897, 37.614519365400575]",
DM_20518,Lv43194Ds3476728,clothing-accessories-shop,+7 (495) 7378317,,adidas,False,"[[55.75649438255724, 37.614766307330115], [55.756243676984596, 37.61517738259889]]","[55.75635860211721, 37.614947788187344]",shoes|bags|socks|hats|sports goods|retro shoes|sporting goods|tennis|hardware|basketball|clothing|swimwear|accessories|sports products|sport shoes|eyewear|sport|jackets|vintage clothing accessories|sporty|pants & tights
DM_20518,Lv43194Ds3476713,clothing-accessories-shop,+7 (495) 7378331,,Paolo Conte,False,"[[55.75511789009614, 37.61338711766555], [55.75497037745991, 37.6135730237781]]","[55.75504934593889, 37.61347702114409]",
DM_20518,Lv43194Ds3493955,facility,,,Escalator,False,"[[55.755297314821526, 37.61380284727395], [55.75524983450283, 37.613859418687944]]","[55.75527240388314, 37.613830962361206]",
DM_20518,Lv43194Ds3476760,clothing-accessories-shop,+7 (495) 7378373,,mascotte,False,"[[55.75500491557608, 37.61356263807619], [55.754868759273165, 37.61382946293936]]","[55.75493652438563, 37.61368962179167]",
DM_20518,Lv43194Ds3476785,shop,,,Beauty Cosmetics,False,"[[55.75588966568134, 37.61452817254693], [55.75570462788918, 37.6147895939752]]","[55.75580237942168, 37.6147084096524]",
DM_20518,Lv43194Ds3476748,shop,,,Mywalit,False,"[[55.75599008804316, 37.61481784174391], [55.755936599368205, 37.61490544188138]]","[55.75596343316873, 37.6148620570987]",
DM_20518,Lv43194Ds3478559,atm-bank-exchange,,,ATM,False,"[[55.756335293195974, 37.61510954535813], [55.756335293195974, 37.61510954535813]]","[55.756335293195974, 37.61510954535813]",
DM_20518,Lv43194Ds3476718,shop,,,Swarovski,False,"[[55.75549325328015, 37.61389813768374], [55.75538829405223, 37.61398516194186]]","[55.755450400894276, 37.613930016415765]",watches|home décor|home decor|diamonds|jewelry|jewels|crystal products|crystal eyes|bracelets|jewelery|cut crystal|fashion|miniatures|jewellery|figurines|rings|crystal chandeliers|crystal accessories|accessories|fashion accessories
DM_20518,Lv43194Ds3476736,clothing-accessories-shop,+7 (495) 2257474,,ZARA,False,"[[55.75620260837374, 37.61532569706459], [55.755792691550795, 37.61587471997725]]","[55.75599997035329, 37.61565567164093]",clothes|women's clothing|fashion shop|clothing store|men's clothing|children's clothing
DM_20518,Lv43194Ds3476738,clothing-accessories-shop,+7 (495) 7378515,,Calliope,False,"[[55.75601242016344, 37.6150546286568], [55.75569326075967, 37.61553117290738]]","[55.75585546114123, 37.61529138058007]",women's clothing|men's clothes|accessories|women's clothes|men's clothing
DM_20518,Lv43194Ds3494077,bar-pub,,,O’Nail Bar,False,"[[55.75470882397634, 37.613423177508615], [55.75467253122374, 37.61348914574672]]","[55.75469064109419, 37.61345640022956]",
DM_20518,Lv43194Ds3476749,shop,,,Tissot,False,"[[55.7559365494567, 37.61466422636972], [55.755879595246796, 37.614755128527555]]","[55.75590863634265, 37.61471028453281]",
DM_20518,Lv43194Ds3476763,clothing-accessories-shop,,,Ugg Australia,False,"[[55.75513659691116, 37.61367011250584], [55.75501035938108, 37.613853216606216]]","[55.755071380608754, 37.61377074064089]",
DM_20518,Lv43194Ds3476740,clothing-accessories-shop,+7 (495) 2257456,customerservice@gaprussia.ru,GAP,False,"[[55.755931042643994, 37.614796831247546], [55.75559203461952, 37.61533442105318]]","[55.75576059184283, 37.61506421751145]",fragrances|sweaters|tall sizes|khakis|husky sizes|men's|jeans|body|fragrance|intimate apparel|clothing|personal care|casual|T-shirts|business casual|swimwear|accessories|scent|family|business|women|t-shirts|trendy casual
DM_20518,Lv43194Ds3476767,shop,,,Nika,False,"[[55.75542888372547, 37.61401356628018], [55.75534000669096, 37.614117120629196]]","[55.755384497865265, 37.61406569788273]",
DM_20518,Lv43194Ds3476724,clothing-accessories-shop,+7 (495) 7378350,,Bershka,False,"[[55.75605946879278, 37.614234201067426], [55.75587679479186, 37.61452847750647]]","[55.75596058436741, 37.61436418390975]",women's clothing|fashion shop|clothing store|men's clothing|children's clothing
DM_20518,Lv43194Ds3476727,clothing-accessories-shop,+7 (495) 7378457,office@melonfashion.ru,LOVE REPUBLIC,False,"[[55.75619710373063, 37.61456586309826], [55.75600634500899, 37.61485990530554]]","[55.75610187869807, 37.61471291274808]",
DM_20518,Lv43194Ds3476757,restaurant,,,Sinnabon,False,"[[55.75485848940812, 37.61326707062255], [55.75474962196708, 37.61338106471186]]","[55.754804355056166, 37.613324527523005]",
DM_20518,Lv43194Ds3476765,clothing-accessories-shop,,,Centro,False,"[[55.75532169535667, 37.6139077787634], [55.75506022813938, 37.61422459730016]]","[55.755183660761055, 37.614052610909795]",
DM_20518,Lv43194Ds3476709,shop,,,Grand Gudini,False,"[[55.75493950067038, 37.61305063210189], [55.75477744773083, 37.61332685228595]]","[55.754855895579496, 37.61318923703204]",
DM_20518,Lv43194Ds3476731,shop,,,THE BODY SHOP,False,"[[55.756178204774535, 37.61505471228233], [55.75612787269848, 37.615195209888476]]","[55.756153177670896, 37.615123414814676]",beauty products|females|sportswear|specialist|perfumery|natural care skin products|accessories|cosmetics store|fragrances|makeup|women's clothing|natural skin|beauty|skin|hair care|cosmetics shop|hip|body|chic|hair|casual|cosmetic products|business|bath
DM_20518,Lv43194Ds3476764,clothing-accessories-shop,,,Mirko Botticelli,False,"[[55.755226922225134, 37.61375318114938], [55.7549869601009, 37.614063104746165]]","[55.75510541825068, 37.61390028453245]",
DM_20518,Lv43194Ds3478626,atm-bank-exchange,,,ATM,False,"[[55.75549030031115, 37.61482532812738], [55.75549030031115, 37.61482532812738]]","[55.75549030031115, 37.61482532812738]",
DM_20518,Lv43194Ds3476729,clothing-accessories-shop,+7 (495) 9806582,,MEXX,False,"[[55.756328342655735, 37.61474237009369], [55.75608809200868, 37.615120322273235]]","[55.7562087790895, 37.614932190014656]",
DM_20518,Lv43194Ds3476708,clothing-accessories-shop,,,Belladonna,False,"[[55.754778755137934, 37.61308622073213], [55.75467361661121, 37.61323508484374]]","[55.754729203179245, 37.61315750947889]",
DM_20518,Lv43194Ds3476780,shop,,,Brown Art,False,"[[55.75531966543955, 37.61377957731848], [55.75523490614214, 37.61388837004691]]","[55.75526315134826, 37.61382041217816]",
DM_20518,Lv43194Ds3476784,shop,,,Платина Кострома,False,"[[55.75582293632167, 37.61436751974752], [55.755684842929, 37.61470726848857]]","[55.75573401647074, 37.61451650864603]",
DM_20518,Lv43194Ds3476751,shop,,,Bijoux Room,False,"[[55.75467918740884, 37.613191626015585], [55.754606183490004, 37.613294264738876]]","[55.75464271561445, 37.61324289142549]",
DM_20518,Lv43194Ds3476776,shop,,,Ремонт Одежды,False,"[[55.75478845136643, 37.613520441286354], [55.7547599340252, 37.61357868852628]]","[55.75477415244395, 37.61354987514373]",
DM_20518,Lv43194Ds3476707,food-drink,,,Седьмой Континент,False,"[[55.75474705806411, 37.61268494065731], [55.754477154867146, 37.613119536341905]]","[55.75461167586963, 37.61290268762827]",
DM_20518,Lv43194Ds3480997,facility,,,Elevator,False,"[[55.75578793881743, 37.614463963764535], [55.75573782397435, 37.61452593908491]]","[55.755762155268094, 37.6144954652668]",
DM_20518,Lv43194Ds3481012,facility,,,Escalator,False,"[[55.75620290103337, 37.61533214570386], [55.756143869605644, 37.61539484666576]]","[55.756173427019185, 37.615363368291824]",
DM_20518,Lv43194Ds3476716,clothing-accessories-shop,,,Victoria's Secret,False,"[[55.75546330280093, 37.61363439204522], [55.75531706652924, 37.6138212681858]]","[55.755387460493374, 37.61374343626626]",body care|shoes|skin care|store|men's clothing|fashion|fragrance|women's lingerie|intimate apparel|specialist|clothing|womenswear|accessories|panties|women|fragrances|women's clothing|skincare|fashion shop|make up|swimwear|sleepwear|appearel|sophisticated style
DM_20518,Lv43194Ds3476719,shop,,,Kalina Gold,False,"[[55.75555845781422, 37.61391774402528], [55.75546723605314, 37.614028288796085]]","[55.75551013313336, 37.61397725981581]",
DM_20518,Lv43194Ds3476726,clothing-accessories-shop,,,Adl/Adilisik,False,"[[55.756213580560825, 37.61443212068465], [55.755967633852435, 37.61478090848492]]","[55.75608471031346, 37.614598807883276]",
DM_20518,Lv43194Ds3476768,clothing-accessories-shop,+7 (495) 7378492,info@econica.ru,Эконика,False,"[[55.75545342396952, 37.614072152897734], [55.755297319813955, 37.61428287672648]]","[55.75537062405468, 37.61417002305428]",
DM_20518,Lv43194Ds3476774,shop,,,Яркая идея,False,"[[55.7555955107949, 37.614671697924], [55.75549214535069, 37.61481167925771]]","[55.75554539820034, 37.61474034311746]",
DM_20518,Lv43194Ds3476737,shop,,,swatch,False,"[[55.75606756897516, 37.615172371847336], [55.75589906567073, 37.615463849530144]]","[55.75598275389098, 37.61531938278926]",watches|diamonds|jewellery|clothing|rings|casual|accessories|young|wrists|bracelets
DM_20518,Lv43194Ds3476782,restaurant,+78495737856,,Movenpick,False,"[[55.75585288250164, 37.61437723187581], [55.75582182017634, 37.6144673668171]]","[55.7558368217499, 37.614423236128495]",
DM_20518,Lv43194Ds3476710,clothing-accessories-shop,,,Roberto Giancano,False,"[[55.75500190598616, 37.613175110344116], [55.75486727721198, 37.61344257399408]]","[55.754942990251315, 37.613303647505816]",
DM_20518,Lv43194Ds3476722,clothing-accessories-shop,+7 (495) 2257471,,Converse,False,"[[55.75588294684242, 37.61414239760434], [55.755764181457145, 37.614317200208305]]","[55.75582119851054, 37.61423588686857]",
DM_20518,Lv43194Ds3476770,clothing-accessories-shop,,,Calvin Klein Jeans,False,"[[55.75570534724261, 37.61418232830734], [55.75537495371855, 37.614533781417826]]","[55.75553633821052, 37.614365596217404]",men's jeans|jeans store|women's jeans|jeans
DM_20518,Lv43194Ds3476775,clothing-accessories-shop,,,Crocs,False,"[[55.754932342107764, 37.61343093883919], [55.754773476641546, 37.61363418703571]]","[55.75485451738757, 37.61352060771333]",children's shoes|shoes|footwear|men's shoes|women's shoes
DM_20518,Lv43194Ds3476721,clothing-accessories-shop,+7 (495) 7378301,,TOM TAILOR,False,"[[55.755820738148174, 37.61404522117686], [55.75558594680771, 37.61430985060421]]","[55.75571529124883, 37.614162973014885]",Polo Team|women's clothing|denim Female|accessories|minis|fashion shop|clothing store|denim Male|men's clothing|children's clothing
DM_20518,Lv43194Ds3476733,shop,,,Diamond Rain,False,"[[55.75653495004733, 37.615108869552806], [55.75642605784926, 37.61526643535994]]","[55.756482275871825, 37.61517717298737]",
DM_20518,Lv43194Ds3476720,shop,,,Yves Rocher,False,"[[55.755610607782614, 37.61399370973572], [55.75554393016686, 37.614112338573236]]","[55.75557870756761, 37.61404906935654]",
DM_20518,Lv43194Ds3476732,shop,,,Sun Season,False,"[[55.75655135099537, 37.615007073165295], [55.756508849847314, 37.61511816701334]]","[55.7565333077494, 37.615055408012545]",
DM_20518,Lv43194Ds3476745,clothing-accessories-shop,,,Element Of Style,False,"[[55.756090751691886, 37.615090010084465], [55.75603481193919, 37.61518125347327]]","[55.75606220531895, 37.61513533649974]",
DM_20518,Lv43194Ds3476715,shop,,,La Goar,False,"[[55.75535508411167, 37.61354904507419], [55.7552218335272, 37.613759584959816]]","[55.755288169597954, 37.61366756675793]",
DM_20518,Lv43194Ds3476771,clothing-accessories-shop,+7 (495) 7378449,,Vans,False,"[[55.75564841273456, 37.61439991227961], [55.75543328473521, 37.61476207715162]]","[55.75554106206964, 37.614569602551846]",skateparks|surfing|shoes|latest fashion|footwear|videos|blogs|apparel|sports footwear|kids shoes|clothing|casual|accessories|skateboarding|personal style|active and performance footwear|cutting-edge fashion
DM_20518,Lv43194Ds3476734,clothing-accessories-shop,,,NIKE,False,"[[55.75648581964264, 37.615066867054914], [55.75629886148668, 37.61547603953301]]","[55.75639638406489, 37.615259832782094]",shoes|sports|socks|tracksuits|sportswear|equipment|sports footwear|tennis|shirt|clothing|accessories|sport shoes|ropes|gear|Levi Strauss Signature|shop|Levi's|sports clothes|jogging|jeans|shopping|running|dumbbells|sporting equipments|jackets|t-shirts|speed ropes
DM_20518,Lv43194Ds3476750,bar-pub,,,O’Nail Bar,False,"[[55.754501733293935, 37.613010839483294], [55.754441392377416, 37.613098319705756]]","[55.7544708308143, 37.613055446804445]",
DM_20518,Lv43194Ds3476756,shop,,,Telefon.Ru,False,"[[55.75473649041262, 37.61330415599257], [55.75468641571119, 37.613447482302234]]","[55.754714442189524, 37.61338211903846]",
DM_20518,Lv43194Ds3476747,shop,+7 (495) 2878838,,Pandora,False,"[[55.756034440885394, 37.61492999274355], [55.755976054451004, 37.615027099975734]]","[55.7560050085862, 37.61497866654692]",
DM_20518,Lv43194Ds3476730,service,,,M.A.C,False,"[[55.756282113805966, 37.614963769786094], [55.75615345552347, 37.615228298186054]]","[55.756219349557036, 37.6151055520969]",makeup|beauty products|beauty|specialist|perfumery|cosmetics shop|cosmetics store
DM_20518,Lv43194Ds3476769,clothing-accessories-shop,+7 (495) 7440722,,Эстель Адони,False,"[[55.75552749351363, 37.614131568537864], [55.75533835819079, 37.61438202171865]]","[55.7554233934232, 37.61424857175992]",
DM_20518,Lv43196Ds3476843,clothing-accessories-shop,+7 (495) 7378541,,promod,False,"[[55.75621578466059, 37.614579472928284], [55.756014507558724, 37.614895496732714]]","[55.7561157933228, 37.61473841041727]",clothes|accessories|dresses|jumpers|trousers|wear|jackets|tops|skirts
DM_20518,Lv43196Ds3476853,restaurant,+7 (495) 2580995,bq@tigrusrest.ru,Bar Bq Cafe,False,"[[55.7558978461078, 37.615159170180036], [55.75560234898573, 37.61574690841797]]","[55.755750230501626, 37.61545248066609]",
DM_20518,Lv43196Ds3476865,clothing-accessories-shop,+7 (495) 7378503,,Tezenis,False,"[[55.75606539967469, 37.6152095697115], [55.7558985948464, 37.61554892038349]]","[55.75598535463711, 37.615372255384116]",
DM_20518,Lv43196Ds3476845,clothing-accessories-shop,+7 (499) 2408286,mag@mail.ru,Lusio,False,"[[55.75624344466665, 37.61466968741757], [55.75604780092897, 37.614977699939956]]","[55.75614637849033, 37.614824660734236]",
DM_20518,Lv43196Ds3481001,facility,,,Escalator,False,"[[55.7561940541849, 37.61532010044203], [55.75614294881857, 37.615378766111256]]","[55.75616838940244, 37.615349262778146]",
DM_20518,Lv43196Ds3476858,clothing-accessories-shop,+7 (495) 7378309,info@calzedonia.ru,CALZEDONIA,False,"[[55.75580035484851, 37.61477348350085], [55.75571560114427, 37.61502955725766]]","[55.7557725210679, 37.61488043070255]",women's clothing|fashion shop|clothing store|men's clothing|children's clothing
DM_20518,Lv43196Ds3476840,clothing-accessories-shop,+7 (495) 7378570,,MANGO,False,"[[55.75612986179234, 37.6142570370306], [55.75591769549724, 37.61468332387228]]","[55.75602051797016, 37.61446889633188]",clothes|women's clothing|bags|store|fashion shop|tops|tshirts|club wear|jeans|apparels|womens wear|belts|shirts|specialist|womenswear|accessories|dresses|women|t-shirts
DM_20518,Lv43196Ds3476850,shop,,,Sea Of Spa,False,"[[55.75600314920938, 37.61486046245672], [55.755954022542475, 37.61493560918526]]","[55.755978833346845, 37.61489838274982]",
DM_20518,Lv43196Ds3476872,restaurant,,,Movenpick,False,"[[55.75580350956696, 37.61437239460501], [55.75577900288394, 37.614418131906056]]","[55.75579137656573, 37.61439515067855]",
DM_20518,Lv43196Ds3476838,clothing-accessories-shop,+7 (495) 7378567,info@caterina.ru,Caterina Leman,False,"[[55.755988182672695, 37.61416758113305], [55.755841415079445, 37.614437556019354]]","[55.75591227505835, 37.61429755553821]",
DM_20518,Lv43196Ds3476862,clothing-accessories-shop,+7 (495) 7378484,,KAREN MILLEN,False,"[[55.75603283868548, 37.61512955139301], [55.75584013724506, 37.615530748835326]]","[55.75593037788041, 37.61531186330355]",fashion|women's clothing|coats|clothing|evening dresses|accessories|designer clothes|party dress|leather jackets
DM_20518,Lv43196Ds3476839,clothing-accessories-shop,,,Золотая Стрекоза,False,"[[55.75600169249805, 37.614331237206144], [55.755876251946844, 37.614553981683]]","[55.75593772999181, 37.61444263744835]",
DM_20518,Lv43196Ds3476848,electronics-shop,+7 (495) 7777710,,Евросеть,False,"[[55.75592404578684, 37.61463429331176], [55.75586534040113, 37.614730322098595]]","[55.75589461128451, 37.614682091244454]",
DM_20518,Lv43196Ds3476837,clothing-accessories-shop,+7 (495) 7378566,,Lauren Vidal,False,"[[55.75589493249837, 37.61407319159047], [55.755797253564396, 37.61432080017474]]","[55.75583968224272, 37.614194638271364]",
DM_20518,Lv43196Ds3476844,clothing-accessories-shop,+7 (495) 7378308,infobox@rendez-vous.ru,Rendez-Vous,False,"[[55.75628488333973, 37.61475602857987], [55.7560788951513, 37.61516866583857]]","[55.75618696686066, 37.6149700841051]",
DM_20518,Lv43196Ds3476860,clothing-accessories-shop,+7 (499) 7550227,ru@carlopazolini.com,Carlo Pazolini,False,"[[55.755929666121325, 37.61481366333986], [55.75571990704561, 37.61515375858197]]","[55.75582446340121, 37.61498324110268]",
DM_20518,Lv43196Ds3476856,service,,,L’Occitane En Provence,False,"[[55.75573180801873, 37.614742048598906], [55.755643617716075, 37.614930697319934]]","[55.7556888879015, 37.61483004353287]",makeup|beauty products|beauty|specialist|perfumery|cosmetics shop|cosmetics store
DM_20518,Lv43196Ds3476871,shop,,,Valtera,False,"[[55.75579253480772, 37.61435214737768], [55.755706822881486, 37.61469443553505]]","[55.755733878019285, 37.61451933417653]",
DM_20518,Lv43196Ds3479761,atm-bank-exchange,,,ATM,False,"[[55.75620912293703, 37.61538171731612], [55.75620912293703, 37.61538171731612]]","[55.75620912293703, 37.61538171731612]",
DM_20518,Lv43196Ds3481000,facility,,,Elevator,False,"[[55.75579034015051, 37.614467528605594], [55.755743900498565, 37.614521812470684]]","[55.75576697495695, 37.61449486169366]",
DM_20518,Lv43196Ds3476859,clothing-accessories-shop,+7 (495) 7378504,,intimissimi,False,"[[55.75588130627975, 37.61470877324901], [55.75579751585263, 37.61492102151274]]","[55.75583168791848, 37.614810568954674]",women's clothing|specialist|womenswear|accessories|store|fashion shop
DM_20518,Lv43196Ds3476813,shop,,,Natura Siberica,False,"[[55.755718394752364, 37.61433695683451], [55.75561146136802, 37.61452801571441]]","[55.75566794569955, 37.614428669108975]",
DM_20518,Lv43196Ds3476854,restaurant,+7 (495) 7378391,info@ru.mcd.com,McDonald's,False,"[[55.75575025450817, 37.61484607115598], [55.75548419883441, 37.61535559672495]]","[55.75561710358498, 37.61510115082099]",ice cream dessert|fast food|Hot Dog on a Stick's|restaurant|veggie dog|McChicken|lemonade|sandwich|kids meals|beef|Big Mac|cheese|hamburger|coffee|ice-cream|French fries|salads|fish|cheeseburger|pizza|fruit pie|chicken sandwiches
DM_20518,Lv43196Ds3476841,clothing-accessories-shop,+7 (495) 7378388,info@fashionstudio.ru,Etam,False,"[[55.75618688378569, 37.61451043247866], [55.755978649885655, 37.61480747975243]]","[55.75608003178635, 37.614652161820686]",smaillots|women's clothing|accessoires|lingerie|vêtement|specialist|womenswear|accessories|store|fashion shop|bain
DM_20518,Lv43196Ds3476816,clothing-accessories-shop,+7 (495) 7824416,,Fashion House,False,"[[55.75568705140126, 37.61444643251571], [55.75554763600264, 37.61476076064041]]","[55.75562441310481, 37.61459823074412]",
DM_20518,Lv43196Ds3479760,atm-bank-exchange,,,ATM,False,"[[55.75547749638219, 37.614983339472076], [55.75547749638219, 37.614983339472076]]","[55.75547749638219, 37.614983339472076]",
DM_20518,Lv43196Ds3476851,shop,,,Stroili Oro,False,"[[55.75607365074674, 37.61504064071255], [55.756022593994786, 37.615114910895684]]","[55.756047973981346, 37.61507741184429]",
DM_20518,Lv43196Ds3493988,clothing-accessories-shop,+7 (495) 2257463,glenfield@glenfield.ru,GLENFIELD,False,"[[55.755963044625915, 37.614936296892914], [55.755767093772064, 37.615245425386846]]","[55.75586525868553, 37.61509111083762]",
DM_20518,Lv43196Ds3476835,restaurant,,,sbarro,False,"[[55.75560750600821, 37.614400333011226], [55.75533064074009, 37.61497576065765]]","[55.75547276446555, 37.61469479735379]",desserts|Italian cuisine|italian specialties|spaghetti|homemade|vegetable pastas|restaurant|pastas|hand-tossed Italian|crust pizzas|vegetable|and homemade desserts|salads|stuffed pizzas|sicilian|pizza|lasagna|stuffed pizzas.
DM_20518,Lv43196Ds3476847,shop,+7 (495) 7378540,,Рив Гош,False,"[[55.75640571169789, 37.614831953109096], [55.75615112990272, 37.615422012013376]]","[55.75629632856947, 37.615122858627615]",
DM_20518,Lv43196Ds3476870,shop,+7 (495) 7378449,,Sunlight,False,"[[55.755854452301854, 37.6145072751858], [55.75572084311631, 37.614728192193006]]","[55.75580157677484, 37.61464501884229]",
DM_20518,Lv43196Ds3476867,clothing-accessories-shop,,,SuperStep,False,"[[55.75607774045527, 37.61550274124237], [55.755926140052104, 37.615717511911356]]","[55.75599981409213, 37.615608649073536]",
DM_20518,Lv43196Ds3476863,clothing-accessories-shop,+7 (495) 2257481,eshop@betatorg.ru,Kira Plastinina,False,"[[55.75600202320145, 37.615028336131374], [55.75580191990552, 37.61534601837084]]","[55.75590193313089, 37.615187156320374]",
DM_20518,Lv43196Ds3476849,shop,,,Beauty Cosmetics,False,"[[55.75595080187728, 37.614712778455946], [55.75589851655415, 37.61479376275066]]","[55.75592473821334, 37.61475336806018]",
DM_20518,Lv43196Ds3476868,clothing-accessories-shop,+7 (495) 7378531,,Accessorize,False,"[[55.756146961304914, 37.615539134365235], [55.75600029827105, 37.61571911458518]]","[55.75606741162473, 37.615616881614415]",women's clothing|wallet|jewelry|bags|women's bags|hats|cosmetics|wallets|scarves|caps|gloves|eye wear|jewellery|belts|hair accessories|womens fashion|purses|women's accessories|flip flops|gifts|accessory
DM_20518,Lv43196Ds3476857,clothing-accessories-shop,,info@incanto.eu,INCANTO,False,"[[55.75575541696186, 37.61477726827792], [55.75568234801046, 37.615018223598014]]","[55.75572647870108, 37.614902470369564]",women's clothing|lingerie|clothing stores|italian fashion
DM_20518,Lv43196Ds3476866,clothing-accessories-shop,+7 (495) 7378594,contact@lacoste.ru,LACOSTE,False,"[[55.75605124386916, 37.6154199372296], [55.755905881608776, 37.615672305041564]]","[55.7559853582509, 37.61554184160233]",women's clothing|shoes|footwear|bags|sportwear|men's sportwear|clothing store|sport's bags|women's sportwear|men's clothing|children's clothing
DM_20518,Lv43196Ds3476842,shop,+7 (499) 5004000,,Organic Shop,False,"[[55.756132124565546, 37.61448988177841], [55.7559658946227, 37.614715900389974]]","[55.75604672883388, 37.6146005341916]",
DM_20518,Lv43196Ds3476831,clothing-accessories-shop,,,Matreshka,False,"[[55.755784685532774, 37.61397541869705], [55.755485200765314, 37.61457569752633]]","[55.755618572285826, 37.61424975675584]",
